carpeta,n,MSE_medio,PSNR_dB_medio,SSIM_medio
fba_benja,100,0.0032664772313102082,27.020555291467463,0.8822283399155644
fba_joaco,100,0.0011022866570950458,30.41301180500074,0.8531896308115519
fba_joshe,100,0.005065675161149954,25.700895923629272,0.8296894309641971
fba_nayely,100,0.0013024594546506333,29.65519229541251,0.841739117279642
fba_extra,100,0.007315639044828352,29.274541283353248,0.894087032496527
